{
  "BaselineCNN": {
    "test_accuracy": 49.78274363749224,
    "test_f1": 35.95125368689015,
    "parameters": {
      "total": 101636,
      "trainable": 101636
    },
    "memory_mb": 0.38944244384765625,
    "train_time_min": 167.52121603091558
  },
  "EnhancedCNN": {
    "test_accuracy": 56.23836126629422,
    "test_f1": 52.110689914653584,
    "parameters": {
      "total": 1250180,
      "trainable": 1250180
    },
    "memory_mb": 4.779632568359375,
    "train_time_min": 183.13525867064794
  }
}